연번,지역,기관명,전화번호
1,천안시,(사)대한노인회천안시지회,041-565-0241
2,천안시,(재)충남테크노파크,041-589-0602
3,천안시,(주)뷰티르샤천안점(mbc아카데미뷰티미용학원),000-000-0000
4,천안시,(주)세일직업전문학교,041-523-7611
5,천안시,(주)아우라미용학원,041-621-8600
6,천안시,(주)에프디엑스 안전관리인증교육원,070-8250-7810
7,천안시,(주)엠아이티능력개발원천안교육원,041-561-1122
8,천안시,(주)천안직업전문학교,041-566-0506
9,천안시,(주)혜인산업교육원 충남직업전문학교,041-592-2100
10,천안시,CACS작은도서관,041-576-8591
11,천안시,CETI컴퓨터학원,070-4640-6225
12,천안시,CM세무직업전문학교,041-562-5555
13,천안시,e-편한세상두정3차작은도서관,041-523-4426
14,천안시,Fun타래패션학원,041-561-4487
15,천안시,Test4U어학원,041-566-0509
16,천안시,가나외국어학원,041-575-7510
17,천안시,가스안전평생교육원,041-629-0556
18,천안시,강남스카이어학원,041-571-7378
19,천안시,갤러리아문화센터,041-559-9090
20,천안시,고맙습니다성정1동 작은도서관,041-579-5783
21,천안시,고영숙요리학원,041-579-5400
22,천안시,곰돌이작은도서관,041-550-7199
23,천안시,광덕면사무소,041-521-4702
24,천안시,광덕면주민자치센터,041-521-4701
25,천안시,광덕작은도서관,041-522-0333
26,천안시,구성동작은도서관,041-551-0993
27,천안시,국립중앙청소년수련원,041-620-7731
28,천안시,국제뇌교육종합대학원대학교,041-529-2649
29,천안시,국제뇌교육종합대학원대학교부설평생교육원,041-529-2660
30,천안시,그린컴퓨터아트학원 천안,041-566-1711
31,천안시,글로벌사이버대학교부설평생교육원,041-415-6185
32,천안시,글로벌산학평생교육원,041-569-7220
33,천안시,꽃싸부플라워디자인전문학원,041-566-0333
34,천안시,꿈나래작은도서관,070-8711-7104
35,천안시,꿈틀이영어작은도서관,041-583-7687
36,천안시,끌레르뷰티미용학원,041-553-9755
37,천안시,나레스트천안미용학원,041-551-7551
38,천안시,나사렛대학교 부설 평생교육원,041-570-7754
39,천안시,남서울대학교 부설 사회교육원,041-580-2573
40,천안시,남서울대학교 부설 원격평생교육시설,041-580-3071
41,천안시,남성헤어커트전문학원,041-567-2727
42,천안시,뉴욕영어학원(뉴욕잉글리쉬),000-000-0000
43,천안시,뉴포인트아카데미미용학원,041-567-8302
44,천안시,다인요리학원,041-522-6800
45,천안시,단국대학교 부설 평생교육원(천안),041-550-1760
46,천안시,대성도배타일목공건축학원,041-622-3051
47,천안시,대한간호전문학원,041-557-1950
48,천안시,대한산업안전협회충남북부지회,041-522-4011
49,천안시,더케이댄스학원,041-573-1008
50,천안시,도계민화 박물관,041-551-6886
51,천안시,도림평생교육원,041-562-0979
52,천안시,도솔도서관,041-521-3735
53,천안시,독립기념관,041-560-0500
54,천안시,동면주민자치센터,041-521-4801
55,천안시,동양CAD디자인전문학원,041-555-7695
56,천안시,동일도서관,041-578-7355
57,천안시,동천안중장비자동차정비학원,041-557-4567
58,천안시,동천안직업전문학교,041-557-0060
59,천안시,동천안희망직업전문학교,041-557-0064
60,천안시,두정도서관,041-521-3733
61,천안시,두정문화회관,041-521-3743
62,천안시,들꽃언덕 작은도서관,041-575-0145
63,천안시,랩스어학원,041-562-8151
64,천안시,롯데마트문화센터 성정점,041-629-8590
65,천안시,롯데마트문화센터 천안점,041-577-2822
66,천안시,류관순서원,041-622-8830
67,천안시,리각미술관,041-565-3463
68,천안시,목천느티나무작은도서관,041-522-8018
69,천안시,목천읍사무소,041-521-4657
70,천안시,목천읍주민자치센터,041-521-4651
71,천안시,몽상가인제과제빵커피학원,041-575-7760
72,천안시,몽실용음악학원,000-000-0000
73,천안시,문성동작은도서관,041-522-9065
74,천안시,문성동주민자치센터,041-521-4841
75,천안시,박문각천안고시학원,041-592-1335
76,천안시,백석대학교 기독교박물관,041-550-9102
77,천안시,백석대학교 평생학습사업단,041-550-2780
78,천안시,백석대학교 부설 평생교육원,041-550-0663
79,천안시,백석동주민자치센터,041-521-6961
80,천안시,백석문화대학교 부설 평생교육원,041-550-0663
81,천안시,병천면 주민자치센터,041-840-2468
82,천안시,보니타미용학원,041-936-8506
83,천안시,보물섬도서관,041-936-7941
84,천안시,복권박물관,000-000-0000
85,천안시,봉명동주민자치센터,041-936-2096
86,천안시,부성1동주민자치센터,041-931-2336
87,천안시,부성동주민자치위원회,041-930-4779
88,천안시,북면바로내작은도서관,000-000-0000
89,천안시,북면주민자치센터,041-930-4848
90,천안시,북면주민자치위원회,041-542-6001
91,천안시,불당동주민자치센터,041-544-7411
92,천안시,불당지웰푸르지오작은도서관,000-000-0000
93,천안시,뷰티앤비즈니스스쿨미용학원,041-543-0601
94,천안시,사이버한국법무평생교육원,041-544-8961
95,천안시,산업설비기술학원,041-543-7400
96,천안시,상명대학교부설평생교육원(천안),041-549-5579
97,천안시,새마을금고연수원,041-730-5114
98,천안시,서북구점 천안애견미용학원,041-746-8616
99,천안시,석오이동녕기념관,041-746-8932
100,천안시,섬김,041-746-8673
101,천안시,성거도서관,000-000-0000
102,천안시,성거읍주민자센터,041-746-8566
103,천안시,성거읍주민자치센터,041-746-5114
104,천안시,성남면 주민자치센터,041-746-8954
105,천안시,성남면작은도서관,041-751-6815
106,천안시,성남면주민자치센터,041-751-6811
107,천안시,성성푸른도서관,041-568-3457
108,천안시,성성호수도서관,041-751-6812
109,천안시,성정1동주민자치센터,041-751-6816
110,천안시,성정2동주민자치위원회,041-751-6819
111,천안시,성환원성작은도서관,041-751-6414
112,천안시,성환읍다문화작은도서관,041-751-6813
113,천안시,성환읍주민자센터,041-751-6818
114,천안시,성환읍주민자치센터,041-750-2101
115,천안시,세정공인중개사학원,041-836-0300
116,천안시,쇼위꽃예술학원,000-000-0000
117,천안시,수신면 주민자치센터,041-836-2157
118,천안시,수신면주민자치센터,000-000-0000
119,천안시,수협중앙회연수원,000-000-0000
120,천안시,스카이어학원,041-832-5506
121,천안시,시네라마연기학원,000-000-0000
122,천안시,시민문화여성회관,000-000-0000
123,천안시,시민문화여성회관 두정문화회관,000-000-0000
124,천안시,신방도서관,000-000-0000
125,천안시,신방동주민자치센터,000-000-0000
126,천안시,신세계아카데미충청점,041-950-1253
127,천안시,신안동작은도서관,041-943-6328
128,천안시,신안동주민자치센터,041-940-4192
129,천안시,쌍용1동주민센터,041-940-4251
130,천안시,쌍용1동주민자치센터,000-000-0000
131,천안시,쌍용2동주민자치센터,041-940-4102
132,천안시,쌍용3동 주민센터,041-850-6002
133,천안시,쌍용3동주민자치센터,041-540-2854
134,천안시,쌍용도서관,000-000-0000
135,천안시,쌍용종합사회복지관,000-000-0000
136,천안시,아우내도서관,041-339-8943
137,천안시,아우내은빛복지관,000-000-0000
138,천안시,아이사랑심리상담작은도서관,000-000-0000
139,천안시,아인뷰티미용학원,041-673-7006
140,천안시,액터스팩토리연기학원,041-673-0006
141,천안시,업성꿈샘작은도서관,041-672-2005
142,천안시,에이블어학원,041-672-6027
143,천안시,여성긴급전화1366충남센터,041-673-3081
144,천안시,연암대학교부설평생교육원,041-670-2396
145,천안시,영진아카데미,041-670-2396
146,천안시,영진아카데미평생교육원,041-674-7412
147,천안시,오하평생교육원,041-670-2490
148,천안시,와세다일본어학원,041-674-2800
149,천안시,우정박물관,041-674-5353
150,천안시,원성1동주민자치센터,041-674-2543
151,천안시,원성2동작은도서관,041-670-2337
152,천안시,원성2동주민센터,000-000-0000
153,천안시,원성2동주민자치센터,000-000-0000
154,천안시,월드용접전문기술학원,041-554-9550
155,천안시,유관순열사기념관,041-521-2821
156,천안시,유송어린이작은도서관,041-568-3487
157,천안시,음식나라조리제빵학원,041-554-5600
158,천안시,이마트문화센터 천안서북점,041-580-9123
159,천안시,이마트문화센터 천안점,041-620-1250
160,천안시,이마트문화센터 펜타포트점,041-537-9130
161,천안시,이화병원작은도서관,041-570-1260
162,천안시,일봉동작은도서관,041-573-3353
163,천안시,일봉동주민자치센터,041-521-4921
164,천안시,입장면작은도서관,041-583-5001
165,천안시,입장면주민자치센터,041-521-6841
166,천안시,자은간호학원,041-577-6388
167,천안시,작은나눔도서관,041-561-8290
168,천안시,재능교육연수원,041-567-1132
169,천안시,재단법인충청남도청소년진흥원,041-554-2000
170,천안시,조이댄스플러그인학원,041-557-0992
171,천안시,중소기업능력개발협회 평생교육원,041-552-6205
172,천안시,중앙동 주민센터,041-521-4822
173,천안시,중앙동작은도서관,041-566-2639
174,천안시,중앙동주민자치센터,041-521-4821
175,천안시,지로스터커피학원,041-576-2530
176,천안시,직산읍사무소,041-521-6812
177,천안시,직산읍작은도서관,041-583-0337
178,천안시,직산읍주민자치센터,041-521-6811
179,천안시,차이홍스퀘어천안평생교육원,041-565-0700
180,천안시,천안 YWCA,041-575-0961
181,천안시,천안 농업기술센터,041-521-2962
182,천안시,천안 시민문화여성회관,041-521-3810
183,천안시,천안 홍대용과학관,041-564-0113
184,천안시,천안KYC,041-578-9484
185,천안시,천안YWCA,041-575-0961
186,천안시,천안간호학원,041-554-3388
187,천안시,천안경희간호학원,041-565-0775
188,천안시,천안경희평생교육원,041-565-0775
189,천안시,천안당,041-000-0000
190,천안시,천안랜드공인중개사학원,041-557-6100
191,천안시,천안밀알,041-574-1098
192,천안시,천안박물관,041-521-2891
193,천안시,천안베스트간호학원,041-562-3388
194,천안시,천안부동산경매학원,041-900-1300
195,천안시,천안삼성간호학원,041-552-7595
196,천안시,천안새롬공인중개사학원,041-575-9951
197,천안시,천안새일센터,041-576-3060
198,천안시,천안성정종합사회복지관,041-578-5172
199,천안시,천안세종스피치면접학원,041-522-8380
200,천안시,천안스피치학원,041-569-0201
201,천안시,천안시 일자리 종합지원센터,041-620-9533
202,천안시,천안시 평생학습센터,041-521-5311
203,천안시,천안시건강가정지원센터,070-7733-8300
204,천안시,천안시남부종합복지관,070-5157-7165
205,천안시,천안시노인종합복지관,041-571-0617
206,천안시,천안시농업기술센터,041-521-2962
207,천안시,천안시다문화가족지원센터,041-1577-8653
208,천안시,천안시동남구문화원,041-564-1022
209,천안시,천안시민사회단체협의회,041-578-9484
210,천안시,천안시사적관리소(천안박물관),041-521-2891
211,천안시,천안시서북구문화원,041-581-2101
212,천안시,천안시성정2동주민자치센터,041-521-6882
213,천안시,천안시시민문화여성회관성환문화회관,041-521-3823
214,천안시,천안시시민문화여성회관신부문화회관,041-521-3832
215,천안시,천안시시민여성문화회관,041-521-3741
216,천안시,천안시시민여성문화회관두정문화회관,041-521-3743
217,천안시,천안시영상미디어센터,041-415-0099
218,천안시,천안시자원봉사센터,041-567-8694
219,천안시,천안시장애인종합복지관,041-551-0420
220,천안시,천안시직장맘지원센터,041-904-3553
221,천안시,천안시청소년상담복지센터,041-523-1318
222,천안시,천안시청소년수련관,041-900-0777
223,천안시,천안시청소년지원센터꿈드림(학교밖청소년지원센터),041-415-1318
224,천안시,천안시태조산청소년수련관,041-566-0179
225,천안시,천안아름다운사람들미용학원,041-568-2800
226,천안시,천안아산상생협력센터도서관,041-417-5023
227,천안시,천안애견미용학원,041-522-4312
228,천안시,천안여성새로일하기센터,041-576-3060
229,천안시,천안여성인력개발센터,041-576-3060
230,천안시,천안예술의전당,1566-0155
231,천안시,천안예술의전당미술관,041-1566-0155
232,천안시,천안용접기술학원,041-554-0997
233,천안시,천안자동차정비학원,041-569-9912
234,천안시,천안전기학원,041-551-5006
235,천안시,천안주민문고,041-578-0996
236,천안시,천안중앙요리제과제빵학원,041-555-0308
237,천안시,천안중앙직업전문학교,041-565-3770
238,천안시,천안중장비학원,041-569-9912
239,천안시,천안채움평생교육원,070-4156-7270
240,천안시,천안청수도서관,041-521-3725
241,천안시,천안총신평생교육원,041-576-8591
242,천안시,천안축구센터작은도서관,041-577-8270
243,천안시,천안커피교육전문학원,070-8621-0744
244,천안시,천안커피아카데미학원,041-575-4785
245,천안시,천안풀잎문화센터,041-551-5579
246,천안시,천안현대자동차정비전문학원,041-573-0505
247,천안시,천안홍대용과학관,041-564-0113
248,천안시,천안흥타령관,041-521-2893
249,천안시,청룡동주민자치센터,041-521-4962
250,천안시,청룡동주민자치위원회,041-521-4961
251,천안시,청수부영작은도서관,041-564-0778
252,천안시,충남산업기술학원,041-554-0997
253,천안시,충남지역혁신사업단평생교육원,041-523-9402
254,천안시,충청남도시각장애인복지관,041-413-7000
255,천안시,충청남도점자도서관,041-578-4051
256,천안시,충청남도평생교육원,041-629-2044
257,천안시,충청남도학생교육문화원,041-904-6833
258,천안시,카페하인츠커피아카데미학원,070-7458-7072
259,천안시,칸타빌레성인피아노학원,000-000-0000
260,천안시,코딩전문학원,041-555-8600
261,천안시,크리스챤쇼보로데오점미용학원,041-622-1888
262,천안시,푸른나무숲도서관,041-578-2123
263,천안시,풀잎문화센터천안지부,041-551-5579
264,천안시,풍세면작은도서관,041-554-5201
265,천안시,풍세면주민자치센터,041-521-4685
266,천안시,풍쌤미술학원,041-579-4253
267,천안시,프랭크쌤영어원격평생교육원,070-7572-3269
268,천안시,하늘샘어린이영어전문도서관,041-590-1077
269,천안시,하늘샘평생교육원,041-590-1001
270,천안시,한결직업전문학교,041-552-2111
271,천안시,한교고시학원,041-561-8505
272,천안시,한국경리실무전문학원,041-556-5626
273,천안시,한국기계산업진흥회기술교육원,041-589-4400
274,천안시,한국기술교육대학교 부설 원격평생교육원,041-580-4500
275,천안시,한국기술교육대학교 부설 평생교육원,041-580-4500
276,천안시,한국레크리에이션연구협회 평생교육원,041-552-7786
277,천안시,한국법무평생교육원,041-556-3345
278,천안시,한국부동산경매학원,041-576-9200
279,천안시,한국커리어잡스 평생교육원,041-414-2889
280,천안시,한미제과제빵커피학원,041-561-0080
281,천안시,한빛장애인평생교육원,041-579-1404
282,천안시,한양요양보호사교육원,041-556-5666
283,천안시,현대자동차㈜천안연수원,041-559-2904
284,천안시,호서대학교 부설 평생교육원,041-560-8070
285,천안시,홈플러스평생교육아카데미 천안신방점,041-579-2007
286,천안시,휴먼교육센터,041-561-1122
287,천안시,흥타령관,041-521-2893
288,천안시,힘찬평생교육원,041-551-6114
289,공주시,(사)공주대교육나눔,041-850-6016
290,공주시,(사)대한노인회 공주시지회,041-854-1701
291,공주시,(사)좋은우리집,041-855-0295
292,공주시,(사)청소년인성교육문화원,041-853-1337
293,공주시,(사)충남교육연구소,041-855-1170
294,공주시,(사)한국자연미술가협회,041-853-8828
295,공주시,강북도서관,041-840-8955
296,공주시,계룡면주민자치센터,041-840-8850
297,공주시,계룡산자연사박물관,042-824-4055
298,공주시,계룡책향기작은도서관,041-857-2204
299,공주시,공동체세움,041-960-3300
300,공주시,공주간호학원,041-854-1373
301,공주시,공주교육대학교 박물관,041-850-1351
302,공주시,공주교육대학교 부설 평생교육원,041-850-1364
303,공주시,공주교육청,041-850-2344
304,공주시,공주기독교종합사회복지관,041-856-0881
305,공주시,공주대학교 부설 평생교육원,041-850-6001
306,공주시,공주도령서당,041-854-3391
307,공주시,공주문예회관,041-840-2180
308,공주시,공주문화센터,041-857-4999
309,공주시,공주문화원,041-852-9005
310,공주시,공주민속극박물관,041-855-4933
311,공주시,공주북캠프작은도서관,070-8888-3005
312,공주시,공주새일센터,041-850-6061
313,공주시,공주시,041-840-2056
314,공주시,공주시 석장리박물관,041-840-8932
315,공주시,공주시 정보담당관,041-840-8107
316,공주시,공주시 평생학습센터,041-840-8372
317,공주시,공주시가족상담센터(웅진예원),041-854-1366
318,공주시,공주시건강가정·다문화가족지원센터,041-856-0883
319,공주시,공주시공공시설관리소,041-840-2467
320,공주시,공주시노인종합복지관,041-852-8861
321,공주시,공주시농업기술센터,041-840-8688
322,공주시,공주시도서관 강북관,041-840-8955
323,공주시,공주시도서관 웅진관,041-840-2468
324,공주시,공주시보건소,041-840-8785
325,공주시,공주시생활체육협의회,041-854-7330
326,공주시,공주시여성회관,041-852-4778
327,공주시,공주시옥룡동작은도서관,041-855-2205
328,공주시,공주시자원봉사센터,041-852-1365
329,공주시,공주시정신건강증진센터,041-852-1094
330,공주시,공주시종합사회복지관,1899-0088
331,공주시,공주시청소년문화센터,041-852-1318
332,공주시,공주시청소년상담복지센터,041-854-2862
333,공주시,공주시청소년지원센터 꿈드림,041-854-7942
334,공주시,공주야학 한빛배움터,041-856-4972
335,공주시,공주지속가능발전협의회,041-852-7090
336,공주시,공주참여자치시민연대,041-852-5007
337,공주시,공주학연구원,041-850-0446
338,공주시,공주환경성건강센터,041-840-8340
339,공주시,관골행복작은도서관,041-856-8403
340,공주시,국립공주대학교 박물관,041-850-8733
341,공주시,국립공주박물관,041-850-6300
342,공주시,국선도천선사회문화교육원,041-854-6788
343,공주시,금강아트센터,041-856-6543
344,공주시,금강종합사회복지관,041-856-6110
345,공주시,금학동 주민자치센터,041-840-2865
346,공주시,금학동작은도서관,041-852-8403
347,공주시,금학동주민자치센터,041-840-2865
348,공주시,꿈이있는지역아동센터,041-855-2350
349,공주시,남부장애인종합복지관,041-856-7071
350,공주시,농협중앙회공주시지부,041-855-1100
351,공주시,뉴임마누엘패션디자인학원,041-855-8585
352,공주시,대한상공회의소 충남인력개발원,041-850-9500
353,공주시,도시재생지원센터,041-858-8616
354,공주시,독서학교논술문화 작은도서관,041-857-2058
355,공주시,박동진판소리전수관,041-858-0045
356,공주시,반포면 주민자치센터,041-840-2755
357,공주시,반포면작은도서관,041-858-2238
358,공주시,반포면주민자치센터,041-840-2755
359,공주시,백제문화예술네트워크,041-857-6543
360,공주시,블루노트실용음악학원,041-852-1435
361,공주시,사곡면주민자치센터,041-840-2825
362,공주시,새뜸행복작은도서관,041-858-2204
363,공주시,세종미용학원,000-000-0000
364,공주시,송산리고분군모형관,041-856-3151
365,공주시,신관동 주민자치센터,041-840-2880
366,공주시,신관동주민센터,041-853-2137
367,공주시,신관동주민자치센터,041-840-2880
368,공주시,신풍면주민자치센터,041-840-2840
369,공주시,아이콘컴퓨터학원,041-858-7077
370,공주시,어울림작은도서관,000-000-0000
371,공주시,연정국악원,041-852-7800
372,공주시,옥룡동 주민자치센터,041-840-2870
373,공주시,우성면 주민자치센터,041-840-2810
374,공주시,우성면사무소,041-840-2609
375,공주시,우성면주민자치센터,041-840-2810
376,공주시,웅진도서관,041-840-2205
377,공주시,웅진동 주민자치센터,041-840-2860
378,공주시,웅진동주민센터,041-853-2134
379,공주시,웅진동주민자치센터,041-840-2860
380,공주시,월송동주민자치센터,041-840-8965
381,공주시,유구도서관,041-841-1196
382,공주시,유구문화의집,041-840-2707
383,공주시,유구읍 노인대학,000-000-0000
384,공주시,유구읍 주민자치센터,041-840-2601
385,공주시,유구읍주민자치센터,041-840-2705
386,공주시,윤스터디휴먼기술학원,000-000-0000
387,공주시,의당면 주민자치센터,041-840-2775
388,공주시,의당면주민자치센터,041-840-2775
389,공주시,이인면사무소,041-840-2602
390,공주시,이인면주민자치센터,041-840-2725
391,공주시,임립미술관,041-856-7749
392,공주시,자연의소리사회적협동조합,041-853-8838
393,공주시,장기면주민자치센터,041-857-2606
394,공주시,정안면주민자치센터,041-840-2790
395,공주시,정안밤톨이작은도서관,041-852-6081
396,공주시,중학동주민자치센터,041-840-2612
397,공주시,지역아동센터굴렁쇠,041-858-8544
398,공주시,청향원작은도서관,000-000-0000
399,공주시,충남간호전문학원,041-856-4477
400,공주시,충남공에협동조합,041-856-9097
401,공주시,충남교육연구소,041-855-1170
402,공주시,충청남도교육연수원,041-851-6176
403,공주시,충청남도남부장애인종합복지관,041-856-7071
404,공주시,충청남도여성정책개발원,042-825-1823
405,공주시,충청남도역사박물관,041-856-8608
406,공주시,탄천면 주민자치센터,041-840-2740
407,공주시,탄천면주민자치센터,041-840-2740
408,공주시,탄천지역아동센터,041-856-0982
409,공주시,필통창작센터,000-000-0000
410,보령시,(사)충남장애인부모회보령지회,041-932-9559
411,보령시,21세기정보처리학원,041-931-3318
412,보령시,건강가정지원센터,041-936-8506
413,보령시,국제가정다문화센터,000-000-0000
414,보령시,남포면주민자치센터,041-933-0301
415,보령시,대천1동주민자치센터,041-932-3014
416,보령시,대천2동주민자치센터,041-932-3016
417,보령시,대천3동 주민자치센터,041-932-3018
418,보령시,대천3동주민자치센터,041-932-3018
419,보령시,대천4동주민자치센터,041-930-0814
420,보령시,대천5동주민자치센터,041-930-4971
421,보령시,대천가족상담센터,041-936-7941
422,보령시,대천간호학원,041-936-2442
423,보령시,대천신흥작은도서관,041-933-5769
424,보령시,대천애육원작은도서관,041-933-9771
425,보령시,대천작은도서관,041-936-5733
426,보령시,대천항작은도서관,041-934-3543
427,보령시,라르고팜작은도서관,041-933-1328
428,보령시,명천종합사회복지관,041-936-8501
429,보령시,모산조형미술관,041-933-8100
430,보령시,무창포작은도서관,041-936-3824
431,보령시,문화의전당작은도서관,041-934-6777
432,보령시,미산면주민자치센터,041-933-4301
433,보령시,미산성실도서관,041-933-1475
434,보령시,보령간호학원,000-000-0000
435,보령시,보령경희미용전문학원,041-931-2789
436,보령시,보령교육신문부설보령평생교육원,041-935-0160
437,보령시,보령노인종합복지관,041-931-7677
438,보령시,보령문화예술회관,041-930-3710
439,보령시,보령문화원,041-934-3061
440,보령시,보령문화의전당,041-930-4947
441,보령시,보령새일센터,041-935-9663
442,보령시,보령석탄박물관,041-934-1902
443,보령시,보령시,041-930-3114
444,보령시,보령시 공공도서관,000-000-0000
445,보령시,보령시 농업기술센터,041-933-5959
446,보령시,보령시 문화체육관리사업소,041-930-4885
447,보령시,보령시 보건소,041-930-3550
448,보령시,보령시건강가정지원센터,041-934-3133
449,보령시,보령시농업기술센터,041-933-5959
450,보령시,보령시다문화가족지원센터,041-936-8506
451,보령시,보령시마을만들기지원센터,041-934-1996
452,보령시,보령시민작은도서관,041-931-3840
453,보령시,보령시민참여연대,000-000-0000
454,보령시,보령시여성단체협의회,041-931-7785
455,보령시,보령시자원봉사센터,041-933-1365
456,보령시,보령시종합사회복지관,041-930-3355
457,보령시,보령시청소년문화의집,041-936-2096
458,보령시,보령시청소년상담복지센터,041-936-3893
459,보령시,보령시청소년수련원,041-931-2336
460,보령시,보령시청소년지원센터꿈드림,041-935-1388
461,보령시,보령시평생학습관,041-930-0938
462,보령시,보령여성새로일하기센터,041-935-9663
463,보령시,보령여성인력개발센터,041-935-9663
464,보령시,보령자동차정비학원,000-000-0000
465,보령시,보령작은도서관,041-931-8933
466,보령시,보령주산도서관,041-930-4779
467,보령시,보령중장비운전학원,000-000-0000
468,보령시,보령직업전문학교,041-936-9999
469,보령시,보령햇살작은도서관,070-8810-8255
470,보령시,보령효나눔복지센터,041-931-8491
471,보령시,비트정보처리학원,041-931-5800
472,보령시,빛뜰작은도서관,041-934-7230
473,보령시,산돌요양보호사교육원,041-932-6007
474,보령시,새소리작은도서관,041-934-9916
475,보령시,성주면문화복지센터,041-933-5301
476,보령시,성주면주민자치센터,041-930-4848
477,보령시,성주작은도서관,041-933-5083
478,보령시,아이티버팀목원격평생교육원,070-4907-8663
479,보령시,오원영요리학원,041-932-5288
480,보령시,오천면사무소,041-930-4661
481,보령시,오천면주민자치센터,041-932-4301
482,보령시,오천작은도서관,041-933-3543
483,보령시,웅천도서관,041-934-1789
484,보령시,웅천읍주민자치센터,041-933-2301
485,보령시,주교면주민자치센터,041-932-7302
486,보령시,주산도서관,041-930-4779
487,보령시,주산면주민자치센터,041-930-0808
488,보령시,주산문화의집,041-930-3564
489,보령시,주포면주민자치센터,041-932-7301
490,보령시,죽정도서관,041-930-3128
491,보령시,천북면주민자치센터,041-930-0804
492,보령시,청라면주민자치센터,041-930-0806
493,보령시,청소면주민자치센터,041-930-0805
494,보령시,청소작은도서관,041-930-0805
495,보령시,충청남도서부장애인종합복지관,041-934-7230
496,보령시,코모리치미용학원,043-852-2660
497,보령시,티루아뷰티미용학원,041-933-1199
498,보령시,홈플러스평생교육스쿨보령점,041-939-8003
499,보령시,효나눔작은도서관,041-931-8490
500,보령시,희망꿈작은도서관,041-934-9875
501,아산시,(사)대한주부클럽연합회 아산지부,041-543-2900
502,아산시,(사)아산우리가족상담센터,041-547-5004
503,아산시,(사)아산우리가족상담센터,041-547-5004
504,아산시,(사)아산한국문화센터,041-548-6400
505,아산시,(사)충남옥련청소년육성개발원,041-548-1326
506,아산시,(사)한국수공예기능인협회 평생문화센터 아산지부,041-532-2885
507,아산시,(사)한국시각장애인연합회 아산시지회,041-549-1141
508,아산시,(사)한국여성소비자연합아산지부,041-541-9898
509,아산시,(재)구정문화재단 온양민속박물관,041-542-6001
510,아산시,(재)덕우직업전문학교,041-542-8700
511,아산시,(주)행동과학훈련원부설도고연수원,041-530-9035
512,아산시,KILE평생교육원,041-533-9810
513,아산시,KLA교육작은도서관,041-910-6732
514,아산시,KPEC혁신사관학교평생교육원,041-543-2590
515,아산시,관봉서예한문학원,000-000-0000
516,아산시,구세군신창지역아동센터,041-549-1465
517,아산시,구세군아산지역아동센터,041-545-7055
518,아산시,굿네이버스 온주종합사회복지관,041-544-7411
519,아산시,그리고작은도서관,041-534-5929
520,아산시,김병억외암도예촌,041-534-6127
521,아산시,꿈나무도서관,041-534-4499
522,아산시,꿈땅작은도서관,041-548-1191
523,아산시,꿈뜨락작은도서관,041-543-8229
524,아산시,꿈자리작은도서관,041-531-8004
525,아산시,꿈자리지역아동센터,041-543-0601
526,아산시,꿈쟁이작은도서관,041-548-1031
527,아산시,꿈쟁이지역아동센터,041-546-8561
528,아산시,꿈터작은도서관,041-534-8077
529,아산시,나누미 지역아동센터,041-546-1815
530,아산시,남산도서관,000-000-0000
531,아산시,남산작은도서관,041-544-7954
532,아산시,농업기술센터,041-540-2854
533,아산시,누리재도서관,041-532-4900
534,아산시,다니엘지역아동센터,041-549-3441
535,아산시,다현문화센터,041-543-1218
536,아산시,당림미술관,041-543-6969
537,아산시,대윤사,041-533-9993
538,아산시,더샵레이크시티3차 작은도서관,041-549-1600
539,아산시,덕우직업전문학교,041-542-8700
540,아산시,도고면주민자치센터,041-537-3691
541,아산시,동일하이빌아파트도서관,041-547-8091
542,아산시,둔포도서관,041-532-2466
543,아산시,둔포면주민자치센터,041-537-3651
544,아산시,둔포이지더원3단지 작은도서관,041-546-7856
545,아산시,드림영어전문작은도서관,041-543-4837
546,아산시,로뎀나무북까 작은도서관,070-8851-1031
547,아산시,마스터브레인평생교육원아산지점,041-534-3583
548,아산시,마중물독서교육문화원,041-547-0675
549,아산시,모아미래도아파트도서관,041-531-0141
550,아산시,모종e.편한작은도서관,041-547-8060
551,아산시,모종캐슬어울림3단지작은도서관,041-533-0727
552,아산시,모종한성2차작은도서관,041-531-7447
553,아산시,방주행복한문고,041-545-5199
554,아산시,방축작은도서관,041-546-1873
555,아산시,배방도서관,041-537-3956
556,아산시,배방롯데캐슬작은도서관,041-532-9692
557,아산시,배방어린이 북카페,041-534-7956
558,아산시,배방읍주민자치센터,041-533-5811
559,아산시,배방자이1차아파트문고,041-542-1167
560,아산시,배방자이2차아파트작은도서관,041-543-1166
561,아산시,배방중앙1차작은도서관(행복사랑방),041-531-3003
562,아산시,부영누리가온 작은도서관,041-532-0181
563,아산시,브니엘작은도서관,041-542-1313
564,아산시,사랑방작은도서관,041-534-7951
565,아산시,산업진흥원부설평생교육원,041-532-4222
566,아산시,삼일문화교실,041-545-2488
567,아산시,새마을작은도서관,041-531-7711
568,아산시,새생활도서관,041-545-2206
569,아산시,새솔마을작은도서관,041-533-0885
570,아산시,생각뿌리작은도서관,041-547-3659
571,아산시,서들광문작은도서관,041-542-0201
572,아산시,서해그랑블2단지문고실,041-547-9200
573,아산시,선문대학교 부설 주산학평생교육원,041-530-2114
574,아산시,선문대학교 사회교육원,041-530-2863
575,아산시,선문대학교 평생교육원,041-530-8342
576,아산시,선장면주민자치센터,041-537-3681
577,아산시,세종홍익평생교육원,041-546-6620
578,아산시,소풍도서관,041-537-3951
579,아산시,송곡도서관,041-537-3951
580,아산시,송악 반딧불이지역아동센터,041-543-1889
581,아산시,송악면주민자치센터,041-537-3611
582,아산시,순천향대학교 부설 평생교육원,041-530-3008
583,아산시,시민생활관,041-537-3901
584,아산시,신영아카데미,041-532-2072
585,아산시,신창면주민자치센터,041-537-3134
586,아산시,신창지역아동센터,041-543-0694
587,아산시,아산 P.art 공예문화센터,070-7644-5396
588,아산시,아산YMCA,041-546-9877
589,아산시,아산가정성상담지원센터,041-546-9191
590,아산시,아산가정행복학교,041-543-0601
591,아산시,아산가정행복학교,041-543-0601
592,아산시,아산간호학원,041-542-8250
593,아산시,아산경매전문학원,041-546-1388
594,아산시,아산교육청,041-539-2201
595,아산시,아산권곡청솔아파트도서관,041-533-1155
596,아산시,아산글사랑문고,041-549-3441
597,아산시,아산대한법학원,041-547-1144
598,아산시,아산동부평생교육원,041-542-8641
599,아산시,아산모종한성필하우스 문고,041-544-6622
600,아산시,아산문화의 집,041-544-4864
601,아산시,아산바리스타학원,041-533-0719
602,아산시,아산배방푸르지오문고,041-544-0061
603,아산시,아산삼성간호학원,041-552-7595
604,아산시,아산새로일하기센터,041-530-8131
605,아산시,아산새일센터,041-570-5530
606,아산시,아산서부종합사회복지관,041-541-2020
607,아산시,아산서부종합사회복지관,041-541-2020
608,아산시,아산시가정.결혼상담센터,041-540-2979
609,아산시,아산시근로자종합복지관,041-537-3963
610,아산시,아산시노인종합복지회관,041-544-1401
611,아산시,아산시다문화가족지원센터,041-540-2787
612,아산시,아산시새마을회,041-544-3870
613,아산시,아산시자원봉사센터,041-541-8550
614,아산시,아산시청소년상담실,041-532-2000
615,아산시,아산시건강가정·다문화가족지원센터,041-548-9779
616,아산시,아산시결혼이민자가족지원센터,041-540-2787
617,아산시,아산시근로자종합보지관,041-544-7954
618,아산시,아산시노인종합복지관,041-544-1401
619,아산시,아산시농아인협회,041-544-8961
620,아산시,아산시농업기술센터,1577-6611
621,아산시,아산시동부노인복지관,041-533-7722
622,아산시,아산시립도서관(둔포도서관),041-537-3961
623,아산시,아산시립도서관(배방도서관),041-537-3956
624,아산시,아산시립도서관(송곡도서관),041-537-3951
625,아산시,아산시립도서관(어린이도서관),041-537-3966
626,아산시,아산시민대학한글학교,041-534-0839
627,아산시,아산시민모임,041-531-0082
628,아산시,아산시보건소,041-537-3419
629,아산시,아산시보건소,041-1234-5678
630,아산시,아산시생활체육협의회,041-546-7330
631,아산시,아산시여성회관,041-536-8483
632,아산시,아산시이주노동자센터,041-541-9112
633,아산시,아산시자원봉사센터,041-543-1365
634,아산시,아산시장애인복지관,041-545-7722
635,아산시,아산시장애인복지관,041-545-7727
636,아산시,아산시장애인종합복지관,041-545-7727
637,아산시,아산시종합일자리지원센터,041-537-3000
638,아산시,아산시지속가능발전협의회,041-532-7781
639,아산시,아산시청,041-537-3370
640,아산시,아산시청 경로장애인과,041-540-2827
641,아산시,아산시청 교육도시과,041-540-2408
642,아산시,아산시청 기획예산담당관,041-540-2206
643,아산시,아산시청 문화관광과,041-540-2530
644,아산시,아산시청 여성가족과,041-540-2345
645,아산시,아산시청소년교육문화센터,041-539-6600
646,아산시,아산시청소년상담복지센터,041-541-0039
647,아산시,아산시청소년지원센터,041-532-2000
648,아산시,아산시평생학습관,041-537-3370
649,아산시,아산아이파크작은도서관,041-548-9800
650,아산시,아산여성새로일하기센터,041-530-8131
651,아산시,아산외국인노동자지원센터,041-541-9112
652,아산시,아산요리제빵직업전문학교,041-545-3552
653,아산시,아산자동차정비중장비학원,041-546-4888
654,아산시,아산장영실과학관,041-903-5594
655,아산시,아산정린박물관,041-549-4005
656,아산시,아산제과제빵학원,041-548-0559
657,아산시,아산종합사회복지관,041-542-2308
658,아산시,아산종합사회복지관,041-542-2308
659,아산시,아산직업전문학교,041-544-8250
660,아산시,아산직업전문학교,041-544-8250
661,아산시,아산커피타카데미학원,041-541-5775
662,아산시,아산포스코더샾레이크사이드문고,041-534-7158
663,아산시,아신시자원봉사센터,041-543-1365
664,아산시,어린이도서관,041-536-8615
665,아산시,연화마을주공7단지아파트도서관(글마루도서관),041-547-9447
666,아산시,연화마을칸6단지아파트 작은도서관,041-541-3105
667,아산시,염치읍주민자치센터,041-537-3601
668,아산시,영인면주민자치센터,041-537-3661
669,아산시,영인산산림박물관,041-538-1947
670,아산시,예꿈어린이도서관,041-548-3604
671,아산시,예사랑작은도서관,041-534-6611
672,아산시,옥련청소년육성개발원,041-548-1326
673,아산시,온양1동주민자치센터,041-537-3711
674,아산시,온양2동주민자치센터,041-537-3721
675,아산시,온양3동주민자치센터,041-537-3731
676,아산시,온양4동주민자치센터,041-537-3741
677,아산시,온양5동주민자치센터,041-537-3751
678,아산시,온양6동주민자치센터,041-537-3761
679,아산시,온양간호학원,041-533-3667
680,아산시,온양꽃샘미용학원,041-545-1194
681,아산시,온양문화원,041-545-2222
682,아산시,온양민속박물관,041-542-6001
683,아산시,온양손말지역아동센터,041-549-4819
684,아산시,온양아산중장비운전학원,041-543-4888
685,아산시,온주종합사회복지관,041-544-7411
686,아산시,온주종합사회사회복지관,041-544-7411
687,아산시,온주푸른교실지역아동센터,041-547-7411
688,아산시,온지중앙작은도서관,041-548-4814
689,아산시,온천제일교회,041-546-6130
690,아산시,옹기발효음식전시·체험관,041-549-0075
691,아산시,옹달샘도서관,041-541-2020
692,아산시,와이시티작은도서관,041-622-1340
693,아산시,외암도예촌,041-534-6127
694,아산시,외암민속관,041-541-0848
695,아산시,용연마을2차작은도서관,041-534-7755
696,아산시,용화마을신도브래뉴아파트,041-531-7034
697,아산시,용화아이파크작은도서관,041-549-8056
698,아산시,용화엘크루아파트 작은도서관,041-541-2128
699,아산시,우리들공부방,041-545-1934
700,아산시,우리들문고,041-545-1934
701,아산시,위드제과제빵커피학원,041-533-9004
702,아산시,유원대학교 부설 평생교육원(아산),041-536-5817
703,아산시,음봉면주민자치센터,041-537-3641
704,아산시,음봉산동종합사회복지관,041-534-7953
705,아산시,이마트문화센터 아산점,041-422-1250
706,아산시,이선생회계전문학원,041-544-7831
707,아산시,이화작은도서관,041-534-2246
708,아산시,인주면주민자치센터,041-537-3671
709,아산시,인주지역아동센터,041-532-0701
710,아산시,인주휴먼시아작은도서관,041-532-0701
711,아산시,자동차산업평생교육원,041-541-5439
712,아산시,장수마을꿈꾸는도서관,041-542-8066
713,아산시,장애인성폭력아산상담소,041-541-1514
714,아산시,장재마을작은도서관,041-534-7833
715,아산시,좋은평생교육원,041-549-0486
716,아산시,중국Tong어학원,041-552-8999
717,아산시,중앙도서관,041-530-6610
718,아산시,청솔작은도서관,041-543-3760
719,아산시,충남애견미용학원,041-541-5321
720,아산시,충무공이순신기념관,041-539-4600
721,아산시,충무교육원,041-539-5400
722,아산시,칸4단지작은도서관,041-543-3395
723,아산시,코아루에듀파크아파트도서관,070-8865-1215
724,아산시,키움작은도서관,041-547-9422
725,아산시,탕정면주민자치센터,041-537-3631
726,아산시,탕정온샘도서관,041-536-8740
727,아산시,탕정작은도서관,041-543-6203
728,아산시,탕정한마음종합사회복지관,041-543-7400
729,아산시,텃밭인문학작은도서관,041-543-3608
730,아산시,평생학습관극장,041-537-3903
731,아산시,푸른들작은도서관,041-546-3586
732,아산시,풀샘작은도서관,041-549-6906
733,아산시,풀잎문화센터 아산지부,041-549-5579
734,아산시,한국JPC요양보호사교육원,041-542-2306
735,아산시,한국문화센터,041-548-6400
736,아산시,한국상담평생교육원,041-532-3343
737,아산시,한국폴리텍IV아산대학,041-539-9300
738,아산시,한국표준협회 충남북부지역센터,041-532-7203
739,아산시,한국품질재단평생교육시설,041-547-0470
740,아산시,한글학교·쉼터,041-534-0839
741,아산시,한라비발디아파트도서관,041-534-5222
742,아산시,한별작은도서관,041-532-1191
743,아산시,한우리독서문화원,041-533-0868
744,아산시,해늘도서관,041-542-6847
745,아산시,해비타트문고,041-543-6744
746,아산시,햇살작은도서관,041-549-7332
747,아산시,행복무지개 작은도서관,041-534-6223
748,아산시,행복한도서관,041-545-5199
749,아산시,행복한지역아동센터,041-545-5199
750,아산시,힐링평생교육원,041-544-0679
751,서산시,(사)대한산업안전협회충남서부지회,041-669-1480
752,서산시,MBC아카데미뷰티미용학원,041-667-0100
753,서산시,고북면주민자치센터,041-663-2301
754,서산시,고북작은도서관,070-8668-0880
755,서산시,구세군인권작은도서관,041-663-5793
756,서산시,글사랑작은도서관,041-667-2214
757,서산시,김대진커피아카데미학원,000-000-0000
758,서산시,노둣돌평생교육원,041-664-3214
759,서산시,늘푸른요양보호사교육원,041-669-9277
760,서산시,늘푸른작은도서관,070-4253-8626
761,서산시,대산도서관,041-661-8087
762,서산시,동문2동주민자치센터,041-664-2224
763,서산시,동문동아더프라임 작은도서관,041-662-2253
764,서산시,동문동코아루작은도서관,041-662-3166
765,서산시,롯데마트문화센터서산점,041-661-0120
766,서산시,마스터직업전문학교,041-681-7016
767,서산시,맑은샘공예학원,000-000-0000
768,서산시,미문작은도서관,041-664-8848
769,서산시,부석면주민자치센터,041-660-3425
770,서산시,부석작은도서관,070-4366-2588
771,서산시,비발디작은도서관,041-669-7599
772,서산시,사단법인한국노년문화교육협의회충남지부부설평생교육원,000-000-0000
773,서산시,서령컴퓨터학원,000-000-0000
774,서산시,서산석림사회복지관,041-667-2303
775,서산시,서산YMCA,041-664-0848
776,서산시,서산간호조무사양성학원,041-665-6600
777,서산시,서산기독교청년회(YMCA),041-664-0848
778,서산시,서산네일미용학원,000-000-0000
779,서산시,서산롯데캐슬작은도서관,041-669-5501
780,서산시,서산문화복지센터,041-666-7104
781,서산시,서산문화원,041-669-5050
782,서산시,서산문화원작은도서관,041-669-5050
783,서산시,서산미용피부학원,041-668-8877
784,서산시,서산바리스타학원,041-662-2922
785,서산시,서산비전고시학원,041-669-0099
786,서산시,서산새일센터,041-660-2707
787,서산시,서산석림사회복지관,041-667-2303
788,서산시,서산시농업기술센터,041-662-5959
789,서산시,서산시문화회관,041-661-8031
790,서산시,서산시청소년상담복지센터,041-669-2000
791,서산시,서산시평생학습센터,041-660-3049
792,서산시,서산시건강가정·다문화가족지원센터,041-664-2710
793,서산시,서산시농업기술센터,041-662-5959
794,서산시,서산시다문화가족지원센터,041-664-2710
795,서산시,서산시다문화작은도서관,041-664-2710
796,서산시,서산시립도서관,041-661-8071
797,서산시,서산시여성회관(문화복지센터),041-660-0200
798,서산시,서산시자원봉사센터,041-668-1365
799,서산시,서산시장애인종합복지관,041-668-4744
800,서산시,서산시종합사회복지관,041-667-4063
801,서산시,서산시청소년문화의집,041-688-7320
802,서산시,서산시청소년상담복지센터,041-660-2255
803,서산시,서산시청소년지원센터꿈드림,041-669-9056
804,서산시,서산여성새로일하기센터,041-736-6244
805,서산시,서산요리학원,041-665-3631
806,서산시,서산중기운전학원,041-665-7432
807,서산시,서산지역사회교육협회의,041-662-2727
808,서산시,서산컴퓨터학원,041-664-4107
809,서산시,서일간호학원부설요양보호사교육원,041-663-1015
810,서산시,서해안청소년수련원,041-664-9481
811,서산시,서해천수만청소년수련원,041-669-9100
812,서산시,석남동행정복지센터,041-660-3681
813,서산시,성연면주민자치센터,041-662-8301
814,서산시,수림작은도서관,041-663-0596
815,서산시,수석동주민자치센터,041-660-2614
816,서산시,쉴만한물가작은도서관,041-665-4111
817,서산시,시립도서관,041-660-2588
818,서산시,아름다운사람서산미용학원,041-668-8877
819,서산시,양지패션디자인학원,041-681-5660
820,서산시,예천한성필 작은도서관,041-664-6501
821,서산시,우산재작은도서관,000-000-0000
822,서산시,운산면주민자치센터,041-663-4005
823,서산시,음암면주민자치센터,041-660-5200
824,서산시,음암해오름문화센터,041-663-5200
825,서산시,읍내현대아파트 작은도서관,041-681-4969
826,서산시,이마트서산점문화센터,041-670-1250
827,서산시,이안작은도서관,041-665-1915
828,서산시,인지면주민자치센터,041-660-3405
829,서산시,인지작은도서관,070-8244-2588
830,서산시,종합사회복지관,041-667-4062
831,서산시,종합요리학원,041-665-3377
832,서산시,주벨듀뷰티아카데미학원,041-666-0822
833,서산시,중앙요리학원,041-665-4030
834,서산시,충남용접전문학원,041-681-8079
835,서산시,토성산맹꽁이작은도서관,041-662-1026
836,서산시,팔봉면주민자치센터,041-662-6301
837,서산시,푸르지오작은도서관,041-665-0081
838,서산시,풀잎문화연합회서산지부,041-669-3368
839,서산시,한국문화센터서산,041-664-9030
840,서산시,한서대학교 부설 평생교육원,041-660-1404
841,서산시,해미면주민자치센터,041-660-3549
842,서산시,현진에버빌 작은도서관,041-681-5750
843,서산시,효성해링턴 작은도서관,041-681-9004
844,논산시,(주)혜강공예,041-732-9634
845,논산시,KT&G상상마당 논산,041-734-6985
846,논산시,KT&G상상마당논산,041-734-6984
847,논산시,가야곡면 자치센터,041-730-4611
848,논산시,가야곡면주민자치센터,041-746-8821
849,논산시,강경도서관,041-746-8980
850,논산시,강경읍 자치센터,041-730-4601
851,논산시,강경읍주민자치센터,041-746-8501
852,논산시,건양대학교,041-730-5114
853,논산시,건양대학교 부설 평생교육원,041-730-5114
854,논산시,광석(빛돌)작은도서관,041-746-8611
855,논산시,광석면주민자치센터,041-746-8611
856,논산시,글로벌외국어평생교육원,000-000-0000
857,논산시,금강대학교 부설 평생교육원,041-731-3021
858,논산시,꿈나무작은도서관,041-734-2630
859,논산시,꿈창의교실,041-730-5382
860,논산시,꿈창의교육협동조합,041-730-5382
861,논산시,낭낭미용학원,041-735-5384
862,논산시,네일스토리뷰티스쿨미용학원,041-735-9456
863,논산시,노서서재,041-735-1215
864,논산시,노성면주민자치센터,041-746-8641
865,논산시,논산YWCA,041-736-7393
866,논산시,논산간호전문학원,041-732-5185
867,논산시,논산공예협동조합,041-733-4651
868,논산시,논산다국어 작은도서관,041-736-4606
869,논산시,논산도배학원,041-736-2345
870,논산시,논산문화예술회관,041-746-5950
871,논산시,논산문화요리학원,041-736-3030
872,논산시,논산문화원,041-732-2395
873,논산시,논산새일센터,041-736-6244
874,논산시,논산시 청소년수련관 작은도서관,041-746-5783
875,논산시,논산시건강가정·다문화가족지원센터,041-733-7800
876,논산시,논산시건강가정지원센터,041-733-7800
877,논산시,논산시농업기술센터,041-746-5114
878,논산시,논산시자원봉사센터,041-736-1365
879,논산시,논산시종합사회복지관,041-746-8421
880,논산시,논산시청,041-746-5114
881,논산시,논산시청소년상담복지센터,041-746-5920
882,논산시,논산시청소년지원센터꿈드림,041-746-5935
883,논산시,논산여성새로일하기센터,041-736-6244
884,논산시,논산여성인력개발센터,041-736-6244
885,논산시,논산제과제빵학원,041-734-4751
886,논산시,논산제일성결교회 작은도서관,041-736-1991
887,논산시,논산중기운전학원,041-734-3778
888,논산시,논산한샘컴퓨터학원,041-734-3390
889,논산시,대성정보처리학원,041-733-2228
890,논산시,두란노도서관,041-736-1002
891,논산시,드림평생교육원,041-733-4651
892,논산시,리벤하임작은도서관,041-735-1884
893,논산시,맥전산회계직업전문학원,041-732-8432
894,논산시,물사랑어린도서관,041-733-3220
895,논산시,백제간호조무사양성학원,041-733-9960
896,논산시,백제군사박물관,041-730-4538
897,논산시,벌곡면 자치센터,041-730-4609
898,논산시,벌곡면주민자치센터,041-746-8761
899,논산시,봄봄도서관,041-742-1424
900,논산시,부적면 자치센터,041-746-8706
901,논산시,부적면주민자치센터,041-746-8701
902,논산시,부창동주민자치센터,041-746-8931
903,논산시,삼동심전계발원,041-733-9216
904,논산시,상월면주민자치센터,041-746-8671
905,논산시,상월어린이도서관,041-732-4084
906,논산시,상월주민자치도서관,041-746-8676
907,논산시,성동면주민자치센터,041-746-8581
908,논산시,쉼터도서관,041-732-1419
909,논산시,양촌면주민자치센터,041-746-8791
910,논산시,어울림평생교육원,041-735-6810
911,논산시,엠비씨아케데미뷰티스쿨미용학원,041-733-0015
912,논산시,여성인력개발센터(사회복지과),000-000-0000
913,논산시,연무도서관,041-746-8990
914,논산시,연무읍주민자치센터,041-746-8541
915,논산시,연산면주민자치센터,041-746-8731
916,논산시,은진면주민자치센터,041-746-8851
917,논산시,이도도예,000-000-0000
918,논산시,전인교육센터,041-731-1255
919,논산시,종합사회복지관(공공시설사업소),041-746-8422
920,논산시,중앙컴퓨터학원,041-736-8600
921,논산시,채운면주민자치센터,041-746-8881
922,논산시,천동교회작은도서관,041-732-8173
923,논산시,청소년수련관(사회복지과),041-730-4892
924,논산시,취암동주민자치센터,041-746-8911
925,논산시,커피의전설바리스타학원,000-000-0000
926,논산시,케이티앤지상상마당 논산,041-734-6986
927,논산시,하늘샘마을문고,041-735-8124
928,논산시,한빛도서관,041-736-1457
929,논산시,홈플러스평생교육아카데미논산점,041-731-8005
930,논산시,황화정작은도서관,041-742-0864
931,계룡시,(시립)드림 지역아동센터,042-841-3631
932,계룡시,The하기 평생교육원,070-7526-0117
933,계룡시,건양대학교 계룡대학습관,042-551-1543
934,계룡시,건양대학교 평생교육센터,042-551-1543
935,계룡시,계룡 성평등 가족상담소,042-841-1072
936,계룡시,계룡도서관,042-840-3607
937,계룡시,계룡문화예술의전당,042-840-3702
938,계룡시,계룡사랑의 지역아동센터,042-841-8554
939,계룡시,계룡시노인종합복지관,042-841-2103
940,계룡시,계룡시농업기술센터,042-840-3407
941,계룡시,계룡시문화예술의 전당,042-840-3707
942,계룡시,계룡시보건소,042-840-3507
943,계룡시,계룡시사회복지협의회,042-551-9191
944,계룡시,계룡시자원봉사센터,042-841-0625
945,계룡시,계룡시노인복지관,042-841-2103
946,계룡시,계룡시노인종합복지관,042-841-2103
947,계룡시,계룡시농업기술센터,042-840-3407
948,계룡시,계룡시다문화가족지원센터,042-551-1133
949,계룡시,계룡시성폭력상담소,042-551-7795
950,계룡시,계룡시자원봉사센터,042-841-1365
951,계룡시,계룡시청,042-840-2114
952,계룡시,계룡시청소년상담복지센터,042-551-1318
953,계룡시,계룡엄사도서관,042-840-3667
954,계룡시,계룡푸른솔,042-551-1118
955,계룡시,국방학원,042-841-7674
956,계룡시,금암동 주민자치센터,042-840-3007
957,계룡시,금암동문화사랑방,042-840-3007
958,계룡시,대한노인회계룡시지회,042-841-8923
959,계룡시,도원울타리 지역아동센터,042-551-7950
960,계룡시,두마면주민자치센터,042-840-3307
961,계룡시,맑은샘 도서관,042-841-8771
962,계룡시,서부중장비운전학원,042-841-5070
963,계룡시,신도안면주민자치센터,042-840-3207
964,계룡시,신도안어린이작은도서관,042-840-3231
965,계룡시,아름다운도서관,042-840-5200
966,계룡시,엄사 도서관,042-840-3667
967,계룡시,엄사 지역아동센터,042-841-3350
968,계룡시,엄사면주민자치센터,042-840-3107
969,계룡시,육해공군본부교회문화센터,042-551-2885
970,계룡시,지엠시티정책개발연구원,042-551-0202
971,계룡시,충남다문화(가정)협회 계룡시지회,042-551-2008
972,계룡시,충남지체장애인협회 계룡시지회,042-841-9990
973,계룡시,한국간호학원,042-551-1254
974,계룡시,홈플러스문화센터 계룡점,042-550-8005
975,금산군,(사)문화와사람,000-000-0000
976,금산군,(사)숲속마을 작은학교,041-752-8127
977,금산군,(사)아침햇살청소년문화원,041-753-6567
978,금산군,(사)한국음악협회금산군지부,041-752-3373
979,금산군,(재)예모청소년세움원,041-751-4491
980,금산군,교육앤미디어,000-000-0000
981,금산군,군북면작은도서관,041-753-7919
982,금산군,군북면주민자치센터,041-750-2051
983,금산군,금강생태과학체험장,041-751-2415
984,금산군,금산 기적의도서관,041-750-4486
985,금산군,금산건강누리관,041-754-8334
986,금산군,금산교육문화개발원,041-751-0810
987,금산군,금산군건강가정·다문화가족지원센터,041-750-3990
988,금산군,금산군농업기술센터,041-750-3511
989,금산군,금산군여성창의문화센터,041-750-4491
990,금산군,금산군자원봉사센터,041-751-3382
991,금산군,금산군자치종합대학,041-751-3255
992,금산군,금산군장애인종합복지관,041-754-7511
993,금산군,금산군청,041-750-2114
994,금산군,금산군청소년상담복지센터,041-751-1383
995,금산군,금산기적의도서관,041-750-4486
996,금산군,금산다락원,041-750-4425
997,금산군,금산다락원청소년수련관,041-750-4440
998,금산군,금산문화원,041-754-2724
999,금산군,금산문화의집,041-754-1318
1000,금산군,금산보건소,041-750-4315
1001,금산군,금산산림문화타운,041-750-3435
1002,금산군,금산역사문화박물관(구.금산향토관),041-750-2383
1003,금산군,금산읍주민자치센터,041-750-2012
1004,금산군,금산인삼고을도서관,041-750-4470
1005,금산군,금산인삼관,041-750-2621
1006,금산군,금산전문극단 비단길,041-1300-9487
1007,금산군,금산지구별그림책마을,041-753-6576
1008,금산군,금산지구별그림책마을 작은도서관,041-753-6576
1009,금산군,금산청소년미래센터,041-754-8853
1010,금산군,금산청소년상담복지센터,041-751-2007
1011,금산군,금산필하모닉오케스트라,041-750-4421
1012,금산군,금산하이비젼센터,041-750-7000
1013,금산군,금산한마음야학 사회적협동조합,000-000-0000
1014,금산군,금성면 주민자치센터,041-751-6812
1015,금산군,금성면주민자치센터,041-750-2021
1016,금산군,금황도예,041-753-7034
1017,금산군,꿈나래직업진로체험원,041-751-5959
1018,금산군,남이면주민자치센터,041-750-2071
1019,금산군,남일면작은도서관,041-754-2831
1020,금산군,남일면주민자치센터,041-750-2061
1021,금산군,다드림작은도서관,041-752-9161
1022,금산군,두손요양보호사교육원,041-751-8991
1023,금산군,드림하우스,041-751-3733
1024,금산군,마달피삼육청소년수련원,041-754-6868
1025,금산군,복수면주민자치센터,041-750-2091
1026,금산군,부리면주민자치센터,041-750-2041
1027,금산군,신세계중장비운전전문학원,041-1833-6628
1028,금산군,에코습지교육원,041-751-2416
1029,금산군,열린작은도서관,041-754-9160
1030,금산군,제원면주민자치센터,041-750-2031
1031,금산군,제원작은도서관,041-752-2475
1032,금산군,조팝꽃피는마을,041-753-5382
1033,금산군,중부대학교 부설 원격평생교육원,041-750-6495
1034,금산군,중앙간호조무사학원,041-751-4080
1035,금산군,진산도서관,041-750-2953
1036,금산군,진산면주민자치센터,041-750-2081
1037,금산군,추부도서관,041-750-2955
1038,금산군,추부면주민자치센터,041-750-2101
1039,금산군,추부문화의집,041-752-7097
1040,금산군,친환경놀이지도사협회,041-754-3913
1041,금산군,칠백의총관리소(기념관),041-753-8701
1042,금산군,태영민속박물관,041-754-7942
1043,금산군,하늘선물작은도서관,041-751-0603
1044,금산군,한빛컴퓨터전문학원,041-753-3119
1045,금산군,홍삼체험학습장 드림하우스,070-8859-4963
1046,금산군,희망도서관,041-753-0692
1047,부여군,(사)백제영춘회,041-835-2077
1048,부여군,(사)백제청소년의 별,041-835-4990
1049,부여군,(사)사물놀이한울림교육원,041-832-0190
1050,부여군,구룡면주민자치센터,041-830-6482
1051,부여군,국립부여박물관,041-833-8562
1052,부여군,규암LH천년나무아파트도서관,041-833-0202
1053,부여군,규암면주민자치센터,041-830-6388
1054,부여군,내산면주민자치센터,041-833-4002
1055,부여군,늘푸른문고,041-832-9182
1056,부여군,동네형아,000-000-0000
1057,부여군,문화가 있는 도서관,041-835-0701
1058,부여군,백제역사문화관,041-635-7740
1059,부여군,백제요,041-836-0300
1060,부여군,백제요리제과제빵학원,041-837-7778
1061,부여군,부여국악의전당,041-830-2926
1062,부여군,부여군 장애인종합복지관,041-836-2157
1063,부여군,부여군평생학습센터,041-830-2176
1064,부여군,부여군농업기술센터,041-830-2552
1065,부여군,부여군다문화가족지원센터,041-830-2900
1066,부여군,부여군자원봉사센터,041-830-2874
1067,부여군,부여군장애인종합복지관,041-836-2157
1068,부여군,부여군청,041-830-2114
1069,부여군,부여군청소년문화의집,041-832-5506
1070,부여군,부여군청소년상담복지센터,041-836-1898
1071,부여군,부여군청소년수련원,041-835-5502
1072,부여군,부여군청소년수련원[청소년지원센터],041-836-1898
1073,부여군,부여문화원,041-835-3318
1074,부여군,부여여성문화회관,041-830-2911
1075,부여군,부여읍주민자치센터,041-833-5802
1076,부여군,부여정보처리학원,041-835-7146
1077,부여군,뷰티라인미용학원,041-837-0701
1078,부여군,사단법인 한국맷돌체조연맹,02-2025-6166
1079,부여군,석성면주민자치센터,041-830-6778
1080,부여군,세도면주민자치센터,041-830-6748
1081,부여군,아빠학교엄마교실박물관,041-833-8987
1082,부여군,양화면주민자치센터,041-830-6632
1083,부여군,옥산면주민자치센터,041-830-6568
1084,부여군,외산도서실,041-836-9675
1085,부여군,외산면주민자치센터,041-830-6448
1086,부여군,은산교육박물관(아빠학교 엄마교실 박물관),000-000-0000
1087,부여군,은산면주민자치센터,041-830-6399
1088,부여군,은혜간호학원,041-836-0065
1089,부여군,임천면주민자치센터,041-830-6688
1090,부여군,장암공부방,041-832-7604
1091,부여군,장암면,041-830-2664
1092,부여군,장암면주민자치센터,041-830-6702
1093,부여군,정림사지박물관,041-832-2721
1094,부여군,좋은도서관,041-833-5730
1095,부여군,주교면,041-932-7302
1096,부여군,주바라기도서실,041-836-6353
1097,부여군,청소년문화의집,041-832-5506
1098,부여군,초촌면주민자치센터,041-830-6808
1099,부여군,충화면주민자치센터,041-830-6628
1100,부여군,하늘사다리,041-834-3377
1101,부여군,한국전통문화대학교 부설 평생교육원(부여),041-830-7113
1102,부여군,한국전통염색교육원,041-835-3575
1103,부여군,행복담은도서관,041-830-2896
1104,부여군,홍산공공도서관,041-830-2896
1105,부여군,홍산면주민자치센터,041-830-6538
1106,서천군,고살메갈꽃체험마을,041-953-4111
1107,서천군,국립해양생물 자원관 씨큐리움,041-950-0600
1108,서천군,그린컴퓨터학원,041-952-6400
1109,서천군,기벌포문화마당,041-953-4068
1110,서천군,기산면복지회관,041-951-9942
1111,서천군,다움문화예술기획연구회(문화체육과 문화예술담당),000-000-0000
1112,서천군,당선제일교회 지역사랑방,000-000-0000
1113,서천군,두란노 북카페(서천교회작은도서관),041-952-0057
1114,서천군,마산면 주민자치센터,041-950-6440
1115,서천군,마산면바우처후원회,041-953-2301
1116,서천군,마서동네장터생산자협의회,041-953-1141
1117,서천군,문산마을도서관,041-950-4587
1118,서천군,북적북적 북카페,041-950-6420
1119,서천군,비인면주민자치센터,041-952-6300
1120,서천군,비인향교,041-950-4226
1121,서천군,사회복지법인윤정복지재단,041-952-0944
1122,서천군,서림국악원,041-952-8071
1123,서천군,서면작은도서관,041-953-4116
1124,서천군,서면주민자치센터,041-950-6560
1125,서천군,서천교회노인대학교,041-952-0057
1126,서천군,서천군장애인종합복지관,041-950-1253
1127,서천군,서천군청소년상담복지센터,041-953-4040
1128,서천군,서천군(문화체육과 한산모시담당),000-000-0000
1129,서천군,서천군건강가정·다문화가족지원센터,041-953-1911
1130,서천군,서천군귀농인협의회,041-952-2116
1131,서천군,서천군노인복지관,041-950-1204
1132,서천군,서천군농민회 마서어머니학교,041-953-6225
1133,서천군,서천군농업기술센터,041-950-6600
1134,서천군,서천군미디어문화센터소풍+,041-956-7936
1135,서천군,서천군여성문화센터,041-951-6677
1136,서천군,서천군여성장애인연대,041-952-0387
1137,서천군,서천군외국인지원센터,041-956-0798
1138,서천군,서천군일자리종합센터,041-953-1919
1139,서천군,서천군자원봉사센터,041-953-0526
1140,서천군,서천군장애인종합복지관,041-950-1253
1141,서천군,서천군종합교육센터,041-950-4591
1142,서천군,서천군지역순환경제센터,041-953-1919
1143,서천군,서천군청소년문화센터,041-951-7942
1144,서천군,서천군청소년상담복지센터,041-953-9799
1145,서천군,서천군청소년수련관,041-956-3003
1146,서천군,서천군청소년지원센터꿈드림,041-953-4040
1147,서천군,서천도농교류학교,041-951-2117
1148,서천군,서천문예의전당,041-950-4227
1149,서천군,서천문화원,041-953-0123
1150,서천군,서천사랑,041-000-0000
1151,서천군,서천서예학원,041-953-2773
1152,서천군,서천여성농업인종합지원센터,041-952-3356
1153,서천군,서천요리아카데미학원,041-952-4880
1154,서천군,서천읍 주민자치센터,041-950-4114
1155,서천군,서천읍주민자치센터,041-953-3002
1156,서천군,서천향교,041-953-3577
1157,서천군,서해간호조무사학원,041-953-0229
1158,서천군,성일복지원,041-956-9292
1159,서천군,시선교회,041-952-6531
1160,서천군,시선도서관,041-952-5113
1161,서천군,시선비전스쿨,070-8843-0236
1162,서천군,아리랜드,041-952-6321
1163,서천군,아리랜드도서관,041-952-6323
1164,서천군,여우네도서관,041-956-2020
1165,서천군,연주하러가는길실용음악학원,041-953-7895
1166,서천군,월남마을도서관,041-951-0010
1167,서천군,월포교회사랑도서관,041-952-8835
1168,서천군,월포교회소망학교,041-952-8835
1169,서천군,장항공공도서관,041-956-5016
1170,서천군,장항여성복지회관,041-950-8100
1171,서천군,장항읍주민자치센터,041-956-3008
1172,서천군,전통예술단혼,041-953-6877
1173,서천군,종천면 주민자치센터,041-950-6520
1174,서천군,책읽는마을작은도서관,041-951-9449
1175,서천군,충남귀농귀촌학교,041-951-2117
1176,서천군,통,000-000-0000
1177,서천군,판교 도토리 작은도서관,041-953-5012
1178,서천군,판교면주민자치센터,041-950-6500
1179,서천군,한산면주민자치센터,041-950-6420
1180,청양군,(사)대한노인회청양지회,041-943-6328
1181,청양군,(사)흙과샘,041-943-6191
1182,청양군,SE사이버평생교육원,070-7450-2452
1183,청양군,남양면주민자치센터,041-940-4311
1184,청양군,대치면작은도서관,041-940-4164
1185,청양군,대치면주민자치센터,041-940-4164
1186,청양군,대한노인회청양군지회,041-943-6328
1187,청양군,목면주민자치센터,041-940-2635
1188,청양군,목면작은도서관,041-940-4222
1189,청양군,목면주민자치센터,041-940-4222
1190,청양군,백제문화체험박물관,041-940-4871
1191,청양군,비봉면주민자치센터,041-940-4372
1192,청양군,비봉면작은도서관,041-940-4372
1193,청양군,사단법인 흙과샘,041-942-8179
1194,청양군,생활체육회,041-943-5999
1195,청양군,서부장애인종합복지관청양분관,041-944-1397
1196,청양군,솔로몬작은도서관,041-943-2053
1197,청양군,운곡면작은도서관,041-940-4131
1198,청양군,운곡면주민자치센터,041-940-4131
1199,청양군,장평면주민자치센터,041-940-4281
1200,청양군,장평면작은도서관,041-940-4284
1201,청양군,정산공공도서관,041-940-2555
1202,청양군,정산도서관,041-940-2555
1203,청양군,정산면주민자치센터,041-940-4192
1204,청양군,청남면주민자치센터,041-940-4251
1205,청양군,청양고등학교,041-4009-2110
1206,청양군,청양군바둑협회,000-000-0000
1207,청양군,청양군평생학습센터,041-940-2859
1208,청양군,청양군노인종합복지관,041-943-8805
1209,청양군,청양군농업기술센터,041-943-5959
1210,청양군,청양군다문화가족지원센터,041-944-2333
1211,청양군,청양군생활체육협의회,000-000-0000
1212,청양군,청양군자원봉사센터,041-940-2255
1213,청양군,청양군청소년상담복지센터,041-944-1024
1214,청양군,청양문화예술회관,041-940-2730
1215,청양군,청양문화원,041-943-4774
1216,청양군,청양숭의청소년수련원,041-942-9795
1217,청양군,청양읍주민자치센터,041-940-4102
1218,청양군,청양초등학교,041-942-5879
1219,청양군,충남도립대학 평생교육원,041-940-6670
1220,청양군,평생학습기관,041-943-0670
1221,청양군,행동과학훈련원지식인력개발사업,02-424-3567
1222,청양군,화성면주민자치센터,041-940-4341
1223,홍성군,(재)충청남도평생교육진흥원,000-000-0000
1224,홍성군,12121,041-1212-1212
1225,홍성군,갈산면주민자치센터,041-630-9610
1226,홍성군,결성농요농사박물관,041-642-3256
1227,홍성군,결성면주민자치센터,041-630-9608
1228,홍성군,경남아너스빌작은도서관,041-634-3036
1229,홍성군,고암이응노생가기념관,041-630-9232
1230,홍성군,광천공공도서관,041-630-9573
1231,홍성군,광천공공도서관(홍성군 공공시설관리사업소),041-630-9573
1232,홍성군,광천읍주민자치센터,041-630-9602
1233,홍성군,광천청소년문화의집,041-641-6426
1234,홍성군,구항면주민자치센터,041-630-9611
1235,홍성군,글마루작은도서관,041-631-5905
1236,홍성군,금마면주민자치센터,041-630-9604
1237,홍성군,나무실용음악학원,041-631-2799
1238,홍성군,내포성인학교,041-631-6350
1239,홍성군,대한노인회홍성군지회,041-634-0103
1240,홍성군,덴간호학웍,041-634-2809
1241,홍성군,디얼라인필라테스,041-635-0411
1242,홍성군,모아작은도서관,041-631-8936
1243,홍성군,서부면주민자치센터,041-630-9609
1244,홍성군,신동아작은도서관,041-632-3993
1245,홍성군,우리함께작은도서관,070-4150-9722
1246,홍성군,은하면주민자치센터,041-630-9607
1247,홍성군,장곡면주민자치센터,041-630-9606
1248,홍성군,청운대학교 부설 평생교육원(홍성),041-630-3144
1249,홍성군,충남도립대학교 평생교육원(분원),041-635-5890
1250,홍성군,충남바리스타학원,041-635-0719
1251,홍성군,한국식기박물관,041-642-3832
1252,홍성군,혜전대학교 부설 평생교육원,041-630-5331
1253,홍성군,홍동면주민자치센터,041-630-9363
1254,홍성군,홍동밝맑도서관,041-634-2333
1255,홍성군,홍북면주민자치센터,041-630-9319
1256,홍성군,홍북읍주민자치센터,041-630-9603
1257,홍성군,홍성YMCA,041-632-3371
1258,홍성군,홍성간호학원,041-634-0673
1259,홍성군,홍성군정보화교육장,041-630-1560
1260,홍성군,홍성군청소년지원센터꿈드림,041-642-1388
1261,홍성군,홍성군건강가정·다문화가족지원센터,041-634-7432
1262,홍성군,홍성군노인종합복지관,041-631-0960
1263,홍성군,홍성군농업기술센터,041-630-9553
1264,홍성군,홍성군여성회관,041-634-7155
1265,홍성군,홍성군자원봉사센터,041-633-1365
1266,홍성군,홍성군장애인종합복지관,041-634-0267
1267,홍성군,홍성군청소년상담복지센터,041-634-4858
1268,홍성군,홍성군청소년수련관,041-631-5900
1269,홍성군,홍성군평생학습센터,041-632-1747
1270,홍성군,홍성문화원,041-632-3613
1271,홍성군,홍성뷰티아카데미미용학원,041-631-8890
1272,홍성군,홍성사회복지관,041-632-2008
1273,홍성군,홍성새일센터,041-630-9541
1274,홍성군,홍성요리학원,041-634-5546
1275,홍성군,홍성읍주민자치센터,041-632-3002
1276,홍성군,홍성이주민센터,070-4150-9722
1277,홍성군,홍성제과제빵학원,041-631-5557
1278,홍성군,홍성지역사회복지협의체,041-633-1791
1279,홍성군,홍성컴퓨터학원,041-632-2202
1280,홍성군,홍성환경농업교육관,041-631-3537
1281,홍성군,홍주문화회관,041-630-9063
1282,홍성군,홍주성역사관,041-630-9240
1283,홍성군,홍주예술미용전문학원,041-633-5665
1284,홍성군,홍주제과기술학원,041-633-0330
1285,예산군,(사)대한노인회예산지부,041-335-6587
1286,예산군,SH애견미용학원,041-668-2083
1287,예산군,고덕면주민자치센터,041-339-8990
1288,예산군,고덕작은도서관,041-338-4664
1289,예산군,고은정뷰티아카데미미용학원,041-333-0744
1290,예산군,공공시설사업소(삽교도서관),041-339-8223
1291,예산군,공주대학교 평생교육원,041-850-6002
1292,예산군,광시면주민자치센터,041-339-8985
1293,예산군,광시황새마을작은도서관,041-332-1335
1294,예산군,김한종의사기념관(전통문화체험학습장),041-333-3072
1295,예산군,늘푸른 예산21추진협의회,041-333-3021
1296,예산군,다문화가족지원센터,041-334-1368
1297,예산군,대술면주민자치센터,041-339-8525
1298,예산군,대한노인회,041-335-6587
1299,예산군,대흥면주민자치센터,041-339-8986
1300,예산군,덕산면주민자치센터,041-339-8988
1301,예산군,덕산작은도서관,041-337-5893
1302,예산군,민족음악원,000-000-0000
1303,예산군,봉산면주민자치센터,041-339-8989
1304,예산군,불꽃작은도서관,041-334-5214
1305,예산군,삽교공공도서관,041-339-8225
1306,예산군,삽교읍복지회관,041-339-8484
1307,예산군,삽교읍주민자치센터,041-339-8982
1308,예산군,상장작은도서관,041-337-8875
1309,예산군,수덕사근역성보관,041-330-7777
1310,예산군,수덕사선미술관,041-330-7735
1311,예산군,신양면주민자치센터,041-339-8562
1312,예산군,여성농업인센터,041-338-7057
1313,예산군,예산가정상담소,041-334-1366
1314,예산군,예산간호학원,041-335-5112
1315,예산군,예산교육지원청,041-330-3732
1316,예산군,예산교육청,041-330-3642
1317,예산군,예산군문예회관,041-339-8212
1318,예산군,예산군여성회관,041-339-8943
1319,예산군,예산군노인종합복지관,041-330-2921
1320,예산군,예산군농업기술센터,041-339-8994
1321,예산군,예산군다문화가족지원센터,041-334-1368
1322,예산군,예산군립도서관,041-339-8221
1323,예산군,예산군보건소,041-339-8002
1324,예산군,예산군여성회관,041-339-8943
1325,예산군,예산군자원봉사센터,041-334-1365
1326,예산군,예산군장애인종합복지관,041-330-9000
1327,예산군,예산군청,041-339-7114
1328,예산군,예산군청소년미래센터,041-338-4664
1329,예산군,예산군청소년상담복지센터,041-335-5700
1330,예산군,예산군청소년수련관,041-331-8338
1331,예산군,예산문화원,041-333-2441
1332,예산군,예산미용학원,041-333-9779
1333,예산군,예산여성농업인지원센터,041-338-7057
1334,예산군,예산요리학원,041-331-5255
1335,예산군,예산읍복지회관,041-339-8472
1336,예산군,예산읍주민자치센터,041-339-8406
1337,예산군,예산지역자활센터,041-332-5402
1338,예산군,예산컴퓨터학원,041-331-3254
1339,예산군,오가면주민자치센터,041-339-8992
1340,예산군,윤봉길의사기념관,041-339-8233
1341,예산군,은혜도서관,041-967-5004
1342,예산군,응봉면주민자치센터,041-339-8987
1343,예산군,자활센터 충남지부,000-000-0000
1344,예산군,정혜과학아카데미,041-333-7337
1345,예산군,청소년지원센터,041-335-1388
1346,예산군,초록꿈작은도서관,041-337-9192
1347,예산군,충남예산지역자활센터,041-332-5402
1348,예산군,충청남도농업기술원,041-635-6000
1349,예산군,충청남도문화예술회관,041-635-3815
1350,예산군,충청남도자원봉사센터,041-635-1365
1351,예산군,한국고건축박물관,041-337-5877
1352,예산군,한국문인인장박물관,041-332-0592
1353,예산군,한국지역자활센터협회 충남지부,041-333-0141
1354,예산군,한국토종씨앗박물관,000-000-0000
1355,태안군,(사)대한노인회태안군지회,041-673-2958
1356,태안군,고남면주민자체센터,041-673-7006
1357,태안군,고남패총박물관,041-670-2337
1358,태안군,근흥면주민자치센터,041-673-0006
1359,태안군,남면주민자치센터,041-672-2005
1360,태안군,남면주민자치센터,041-672-2005
1361,태안군,백화노인복지관,041-675-9422
1362,태안군,(사)한국발전교육원,041-671-4350
1363,태안군,사랑의도서관,041-672-6887
1364,태안군,샘골작은도서관,041-675-3926
1365,태안군,소원면주민자치쎈터,041-672-6027
1366,태안군,안면공공도서관,041-675-2575
1367,태안군,안면도쥬라기박물관,041-674-5660
1368,태안군,안면읍주민자치센터,041-673-3081
1369,태안군,온누리작은도서관,000-000-0000
1370,태안군,원북면주민자치센터,041-672-5002
1371,태안군,이원면주민자치센터,041-672-8004
1372,태안군,진흥작은도서관,000-000-0000
1373,태안군,태안교육청,041-670-8282
1374,태안군,태안군건강가정·다문화가족지원센터,041-670-2396
1375,태안군,태안군노인복지관,041-674-0215
1376,태안군,태안군농업기술센터,041-670-2114
1377,태안군,태안군다문화가족지원센터,041-670-2396
1378,태안군,태안군립안면도서관,041-670-2575
1379,태안군,태안군립중앙도서관,041-670-5984
1380,태안군,태안군문화예술회관,041-670-2258
1381,태안군,태안군보건의료원,041-671-5300
1382,태안군,태안군여성회관,041-670-2397
1383,태안군,태안군자원봉사센터,041-675-1365
1384,태안군,태안군장애인복지관,041-674-7412
1385,태안군,태안군장애인종합복지관,041-674-7412
1386,태안군,태안군청,041-670-2114
1387,태안군,태안군청소년상담복지센터,041-674-2800
1388,태안군,태안군청소년수련관,041-670-2490
1389,태안군,태안군청소년지원센터,041-674-2800
1390,태안군,태안군청소년지원센터꿈드림,041-674-2800
1391,태안군,태안군청청소년수련관,041-670-2490
1392,태안군,태안문화원,041-674-2192
1393,태안군,태안요리바리스타학원,041-675-6799
1394,태안군,태안읍사무소,041-674-5353
1395,태안군,태안주공작은도서관,041-674-0104
1396,태안군,태안지역자활센터,041-674-1378
1397,태안군,태안향교,041-674-2543
1398,태안군,패총박물관,041-670-2337
1399,태안군,푸른태안21추진협의회,000-000-0000
1400,태안군,한국발전교육원사이버교육센터,041-671-4500
1401,태안군,한정은요리학원,041-673-3232
1402,당진시,(사)당진청소년문화아카데미,041-357-7080
1403,당진시,(사)청소년사랑의다리,041-751-4491
1404,당진시,(사)충남장애인부모회당진지회,041-354-3323
1405,당진시,SBS방송아카데미뷰티미용학원,041-355-4266
1406,당진시,고대면주민자치센터,041-360-8151
1407,당진시,고대웃음꽃작은도서관,041-350-4952
1408,당진시,기지시줄다리기박물관,041-350-4929
1409,당진시,꿈의도서관,041-357-5090
1410,당진시,꿈자람터 작은도서관,041-358-1372
1411,당진시,내포학작은도서관,041-356-9739
1412,당진시,농업기술센터(농업기술대학),041-1111-1111
1413,당진시,다니엘작은도서관,041-355-0804
1414,당진시,당진 YMCA,041-353-4343
1415,당진시,당진 여성 새로일하기 센터,041-1111-1111
1416,당진시,당진1동주민자치센터,041-360-8635
1417,당진시,당진2동 주민자치센터,041-360-8663
1418,당진시,당진2동주민자치센터,041-360-8651
1419,당진시,당진3동주민자치센터,041-360-8682
1420,당진시,당진YMCA,041-353-4343
1421,당진시,당진가족상담센터,041-354-2366
1422,당진시,당진간호학원,041-356-1320
1423,당진시,당진근로자종합복지관,041-000-0000
1424,당진시,당진문예의전당,041-350-2901
1425,당진시,당진문화예술학교,041-350-2916
1426,당진시,당진문화원,041-354-2367
1427,당진시,당진바리스타커피학원,041-357-3566
1428,당진시,당진벧엘컴퓨터학원,041-355-7710
1429,당진시,당진보건소,041-360-6071
1430,당진시,당진북부사회복지관,041-354-4401
1431,당진시,당진새일센터,041-360-3230
1432,당진시,당진시남부노인복지관,041-363-5330
1433,당진시,당진시다문화가족지원센터,041-360-3160
1434,당진시,당진시건강가정지원센터,041-360-3200
1435,당진시,당진시남부노인복지관,041-363-5330
1436,당진시,당진시남부사회복지관,041-362-9625
1437,당진시,당진시노인복지관,041-360-3010
1438,당진시,당진시농업기술센터,041-355-5959
1439,당진시,당진시다문화가족지원센터,041-360-3160
1440,당진시,당진시립송악도서관,041-000-0000
1441,당진시,당진시립중앙도서관,041-360-6925
1442,당진시,당진시립합덕도서관,041-000-0000
1443,당진시,당진시보건소,041-000-0000
1444,당진시,당진시자원봉사센터,041-360-3180
1445,당진시,당진시장애인종합복지관,041-360-3040
1446,당진시,당진시청 정보화교육장,041-000-0000
1447,당진시,당진시청소년상담복지센터,041-360-6961
1448,당진시,당진시청소년지원센터꿈드림,041-357-2000
1449,당진시,당진시평생학습관,041-352-3705
1450,당진시,당진애견미용학원,041-356-2816
1451,당진시,당진어울림여성회,041-352-0510
1452,당진시,당진엠코타운작은도서관,041-353-8905
1453,당진시,당진여성의전당,041-360-6950
1454,당진시,당진자동차정비중장비운전학원,041-355-0234
1455,당진시,당진중앙도서관,041-360-6916
1456,당진시,당진청소년문화의집,041-360-6961
1457,당진시,당진청소년지원센터,041-000-0000
1458,당진시,당진환경운동연합,041-356-1114
1459,당진시,대한노인회당진시지부,041-354-0569
1460,당진시,대호지면주민자치센터,041-360-8251
1461,당진시,대호지책나래작은도서관,041-350-4964
1462,당진시,롯데마트문화센터당진점,041-350-7090
1463,당진시,롯데캐슬아파트작은도서관,041-358-0068
1464,당진시,리가작은도서관,041-357-2270
1465,당진시,면천면주민자치센터,041-360-8351
1466,당진시,미래평생교육센터,041-354-2366
1467,당진시,사랑마루작은도서관,041-353-7713
1468,당진시,상록수작은도서관,041-357-5393
1469,당진시,서정작은도서관,041-363-5652
1470,당진시,석문면주민자치센터,041-360-8220
1471,당진시,석문생각나무작은도서관,041-350-4954
1472,당진시,세한대학교부설평생교육원당진분원,041-359-6057
1473,당진시,송산개미작은도서관,041-350-4960
1474,당진시,송산면주민자치센터,041-360-8561
1475,당진시,송산종합사회복지관,041-353-7300
1476,당진시,송악도서관,041-350-4945
1477,당진시,송악샘터작은도서관,041-350-4962
1478,당진시,송악읍주민자치센터,041-360-8073
1479,당진시,송악해나루작은도서관,041-350-4966
1480,당진시,순성면주민자치센터,041-360-8401
1481,당진시,순성반딧불이작은도서관,041-350-4956
1482,당진시,신성대학교부설평생교육원,041-350-1150
1483,당진시,신평거산작은도서관,041-350-4958
1484,당진시,신평면주민자치센터,041-360-8501
1485,당진시,신평청소년작은도서관,041-350-4948
1486,당진시,심훈기념관,041-360-6883
1487,당진시,아름다운작은도서관,041-352-5060
1488,당진시,아미미술관,041-353-1555
1489,당진시,엔쿡당진요리학원,041-355-3696
1490,당진시,여성새로일하기센터,041-355-5956
1491,당진시,여성의전당,041-000-0000
1492,당진시,우강마을문고,041-362-3063
1493,당진시,우강면주민자치센터,041-360-8451
1494,당진시,우리동네작은도서관,041-363-0690
1495,당진시,원당간호학원,041-352-3667
1496,당진시,원당꿈초롱작은도서관,041-350-4950
1497,당진시,원바리스타커피학원,041-358-4395
1498,당진시,정미면주민자치센터,041-360-8301
1499,당진시,채운공원휴먼빌 작은도서관,041-357-6675
1500,당진시,청인직업훈련학원,041-355-5279
1501,당진시,충남산학융합원,041-354-8558
1502,당진시,크리스챤쇼보뷰티아카데미미용학원,041-358-4738
1503,당진시,푸른도서관,041-354-8866
1504,당진시,핑크드림다문화도서관,041-360-3160
1505,당진시,한국도량형박물관,041-356-9739
1506,당진시,합덕 청소년 지원센터,041-000-0000
1507,당진시,합덕도서관,041-362-4192
1508,당진시,합덕수리민속박물관,041-350-4931
1509,당진시,합덕읍주민자치센터,041-360-8002
1510,당진시,합덕청소년문화의집,041-363-0387
1511,당진시,해나루시민학교,041-354-0112
1512,당진시,해나루요리학원,041-358-5251
1513,당진시,해피업사회교육원,041-355-0757
1514,당진시,현대요리제과제빵전문학원,041-353-5279
1515,당진시,현대제철문화센터,041-358-4100
1516,당진시,황소중장비운전학원,041-355-8692
1517,공주시,공주도서관,041-855-7121
1518,공주시,공주유구도서관,041-841-1196
1519,금산군,금산도서관,041-753-4710
1520,당진시,당진도서관,041-352-5918
1521,보령시,보령도서관,041-934-0929
1522,보령시,보령웅천도서관,041-934-1789
1523,부여군,부여도서관,041-835-2509
1524,서산시,서산해미도서관,041-688-0351
1525,서천군,서천도서관,041-953-1518
1526,아산시,아산도서관,041-541-1022
1527,천안시,연기도서관,000-000-0000
1528,예산군,예산도서관,041-335-2683
1529,천안시,천안성환도서관,041-581-9962
1530,청양군,청양도서관,041-943-4147
1531,천안시,충남학생교육문화원,041-904-8445
1532,논산시,충청남도교육청남부평생교육원,041-730-7713
1533,서산시,충청남도교육청서부평생교육원,041-668-0051
1534,천안시,충청남도교육청평생교육원,041-629-2013
1535,태안군,태안도서관,041-674-1369
1536,홍성군,홍성도서관,041-632-2860
1537,기타,건양대학교 평생교육원,041-730-5257
1538,기타,공주대학교 평생교육원(천안분원),041-521-9455
1539,기타,나사렛대학교,041-570-7700
1540,기타,선문대학교,041-530-2114
1541,기타,선문대학교 평생교육원,041-530-8345
1542,기타,순천향대학교 평생교육원,041-530-1114
1543,기타,청운대학교 평생교육원,041-630-3144
1544,기타,한서대학교 평생교육원,041-660-1404
1545,천안시,지앤지컴퓨터학원,041-555-9047
1546,공주시,충남공주시민대학,041-840-8392
1547,홍성군,충남내포시민대학,041-635-6671
1548,논산시,충남논산시민대학,041-746-5994
1549,당진시,충남당진시민대학,041-350-3746
1550,천안시,충남보령시민대학,041-930-3315
1551,부여군,충남부여시민대학,041-830-6851
1552,태안군,충남태안시민대학,041-670-2726
1553,태안군,태안요리바리스타학원,041-675-6799
1554,태안군,태안읍사무소,041-674-5353
1555,태안군,태안주공작은도서관,041-674-0104
1556,태안군,태안지역자활센터,041-674-1378
1557,태안군,태안향교,041-674-2543
1558,태안군,패총박물관,041-670-2337
1559,태안군,푸른태안21추진협의회,000-000-0000
1560,태안군,한국발전교육원사이버교육센터,041-671-4500
1561,태안군,한정은요리학원,041-673-3232
1562,당진시,(사)당진청소년문화아카데미,041-357-7080
1563,당진시,(사)청소년사랑의다리,041-751-4491
1564,당진시,(사)충남장애인부모회당진지회,041-354-3323
1565,당진시,SBS방송아카데미뷰티미용학원,041-355-4266
1566,당진시,고대면주민자치센터,041-360-8151
1567,당진시,고대웃음꽃 작은도서관,041-350-4952
1568,당진시,고대웃음꽃작은도서관,041-000-0000
1569,당진시,기지시줄다리기박물관,041-350-4929
1570,당진시,꿈의도서관,041-357-5090
1571,당진시,꿈자람터 작은도서관,041-358-1372
1572,당진시,내포학작은도서관,041-356-9739
1573,당진시,농업기술센터(농업기술대학),041-1111-1111
1574,당진시,다니엘작은도서관,041-355-0804
1575,당진시,당진 YMCA,041-353-4343
1576,당진시,당진 여성 새로일하기 센터,041-1111-1111
1577,당진시,당진1동주민자치센터,041-360-8635
1578,당진시,당진2동 주민자치센터,041-360-8663
1579,당진시,당진2동주민자치센터,041-360-8651
1580,당진시,당진3동주민자치센터,041-360-8682
1581,당진시,당진YMCA,041-353-4343
1582,당진시,당진가족상담센터,041-354-2366
1583,당진시,당진간호학원,041-356-1320
1584,당진시,당진근로자종합복지관,041-000-0000
1585,당진시,당진문예의전당,041-350-2901
1586,당진시,당진문화예술학교,041-350-2916
1587,당진시,당진문화원,041-354-2367
1588,당진시,당진문화의집,041-354-2367
1589,당진시,당진바리스타커피학원,041-357-3566
1590,당진시,당진벧엘컴퓨터학원,041-355-7710
1591,당진시,당진보건소,041-360-6071
1592,당진시,당진북부사회복지관,041-354-4401
1593,당진시,당진새일센터,041-360-3230
1594,당진시,당진시 남부노인복지관,041-363-5330
1595,당진시,당진시 다문화가족지원센터,041-360-3160
1596,당진시,당진시건강가정지원센터,041-360-3200
1597,당진시,당진시남부노인복지관,041-363-5330
1598,당진시,당진시남부사회복지관,041-362-9625
1599,당진시,당진시노인복지관,041-360-3010
1600,당진시,당진시농업기술센터,041-355-5959
1601,당진시,당진시다문화가족지원센터,041-360-3160
1602,당진시,당진시립송악도서관,041-000-0000
1603,당진시,당진시립중앙도서관,041-360-6925
1604,당진시,당진시립합덕도서관,041-000-0000
1605,당진시,당진시보건소,041-000-0000
1606,당진시,당진시자원봉사센터,041-360-3180
1607,당진시,당진시장애인종합복지관,041-360-3040
1608,당진시,당진시청 정보화교육장,041-000-0000
1609,당진시,당진시청소년상담복지센터,041-360-6961
1610,당진시,당진시청소년지원센터꿈드림,041-357-2000
1611,당진시,당진시평생학습관,041-352-3705
1612,당진시,당진애견미용학원,041-356-2816
1613,당진시,당진어울림여성회,041-352-0510
1614,당진시,당진엠코타운작은도서관,041-353-8905
1615,당진시,당진여성의전당,041-360-6950
1616,당진시,당진자동차정비중장비운전학원,041-355-0234
1617,당진시,당진중앙도서관,041-360-6916
1618,당진시,당진청소년문화의집,041-360-6961
1619,당진시,당진청소년지원센터,041-000-0000
1620,당진시,당진환경운동연합,041-356-1114
1621,당진시,대한노인회당진시지부,041-354-0569
1622,당진시,대호지면주민자치센터,041-360-8251
1623,당진시,대호지책나래작은도서관,041-350-4964
1624,당진시,롯데마트문화센터당진점,041-350-7090
1625,당진시,롯데캐슬아파트 작은도서관,041-358-0068
1626,당진시,리가작은도서관,041-357-2270
1627,당진시,면천면주민자치센터,041-360-8351
1628,당진시,미래평생교육센터,041-354-2366
1629,당진시,사랑마루작은도서관,041-353-7713
1630,당진시,상록수작은도서관,041-357-5393
1631,당진시,서정작은도서관,041-363-5652
1632,당진시,석문면주민자치센터,041-360-8220
1633,당진시,석문생각나무작은도서관,041-350-4954
1634,당진시,세한대학교부설평생교육원당진분원,041-359-6057
1635,당진시,송산개미작은도서관,041-350-4960
1636,당진시,송산면주민자치센터,041-360-8561
1637,당진시,송산종합사회복지관,041-353-7300
1638,당진시,송악도서관,041-350-4945
1639,당진시,송악샘터작은도서관,041-350-4962
1640,당진시,송악읍주민자치센터,041-360-8073
1641,당진시,송악해나루작은도서관,041-350-4966
1642,당진시,순성면주민자치센터,041-360-8401
1643,당진시,순성반딧불이작은도서관,041-350-4956
1644,당진시,신성대학교부설평생교육원,041-350-1150
1645,당진시,신평거산작은도서관,041-350-4958
1646,당진시,신평면주민자치센터,041-360-8501
1647,당진시,신평청소년작은도서관,041-350-4948
1648,당진시,심훈기념관,041-360-6883
1649,당진시,아름다운작은도서관,041-352-5060
1650,당진시,아미미술관,041-353-1555
1651,당진시,엔쿡당진요리학원,041-355-3696
1652,당진시,여성새로일하기센터,041-355-5956
1653,당진시,여성의전당,041-000-0000
1654,당진시,우강마을문고,041-362-3063
1655,당진시,우강면주민자치센터,041-360-8451
1656,당진시,우리동네작은도서관,041-363-0690
1657,당진시,원당간호학원,041-352-3667
1658,당진시,원당꿈초롱작은도서관,041-350-4950
1659,당진시,원바리스타커피학원,041-358-4395
1660,당진시,정미면 주민자치센터,041-000-0000
1661,당진시,정미면주민자치센터,041-360-8301
1662,당진시,채운공원휴먼빌 작은도서관,041-357-6675
1663,당진시,청인직업훈련학원,041-355-5279
1664,당진시,충남산학융합원,041-354-8558
1665,당진시,크리스챤쇼보뷰티아카데미미용학원,041-358-4738
1666,당진시,푸른도서관,041-354-8866
1667,당진시,핑크드림다문화도서관,041-360-3160
1668,당진시,한국도량형박물관,041-356-9739
1669,당진시,합덕 청소년 지원센터,041-000-0000
1670,당진시,합덕도서관,041-362-4192
1671,당진시,합덕수리민속박물관,041-350-4931
1672,당진시,합덕읍 주민자치센터,041-360-8010
1673,당진시,합덕읍주민자치센터,041-360-8002
1674,당진시,합덕청소년문화의집,041-363-0387
1675,당진시,해나루시민학교,041-354-0112
1676,당진시,해나루요리학원,041-358-5251
1677,당진시,해피업사회교육원,041-355-0757
1678,당진시,현대요리제과제빵전문학원,041-353-5279
1679,당진시,현대제철문화센터,041-358-4100
1680,당진시,황소중장비운전학원,041-355-8692
1681,공주시,공주도서관,041-855-7121
1682,공주시,공주유구도서관,041-841-1196
1683,금산군,금산도서관,041-753-4710
1684,당진시,당진도서관,041-352-5918
1685,보령시,보령도서관,041-934-0929
1686,보령시,보령웅천도서관,041-934-1789
1687,부여군,부여도서관,041-835-2509
1688,서산시,서산해미도서관,041-688-0351
1689,서천군,서천도서관,041-953-1518
1690,아산시,아산도서관,041-541-1022
1691,천안시,연기도서관,000-000-0000
1692,예산군,예산도서관,041-335-2683
1693,천안시,천안성환도서관,041-581-9962
1694,청양군,청양도서관,041-943-4147
1695,천안시,충남학생교육문화원,041-904-8445
1696,논산시,충청남도교육청남부평생교육원,041-730-7713
1697,서산시,충청남도교육청서부평생교육원,041-668-0051
1698,천안시,충청남도교육청평생교육원,041-629-2013
1699,태안군,태안도서관,041-674-1369
1700,홍성군,홍성도서관,041-632-2860
1701,기타,건양대학교 평생교육원,041-730-5257
1702,기타,공주대학교 평생교육원(천안분원),041-521-9455
1703,기타,나사렛대학교,041-570-7700
1704,기타,선문대학교,041-530-2114
1705,기타,선문대학교 평생교육원,041-530-8345
1706,기타,순천향대학교 평생교육원,041-530-1114
1707,기타,청운대학교 평생교육원,041-630-3144
1708,기타,한서대학교 평생교육원,041-660-1404
1709,천안시,지앤지컴퓨터학원,041-555-9047
1710,공주시,충남공주시민대학,041-840-8392
1711,홍성군,충남내포시민대학,041-635-6671
1712,논산시,충남논산시민대학,041-746-5994
1713,당진시,충남당진시민대학,041-350-3746
1714,천안시,충남보령시민대학,041-930-3315
1715,부여군,충남부여시민대학,041-830-6851
1716,태안군,충남태안시민대학,041-670-2726
